name,degree,branch,percentage,backlogs,internships,skills,placed
Student_1,M.Tech,ME,63.76,3,4,Data Science;Cloud;AutoCAD;SQL,1
Student_2,M.Tech,CE,72.68,0,2,Web Dev;Cloud;Data Science,1
Student_3,M.Tech,EEE,80.76,0,1,Web Dev;Cloud,0
Student_4,B.Tech,CSE,68.17,3,3,Java;Python;AI,1
Student_5,M.Tech,ME,57.07,5,4,SQL,0
Student_6,B.Tech,ECE,70.2,5,0,ML,0
Student_7,M.Tech,ECE,92.94,4,4,Python,1
Student_8,B.Tech,CE,68.19,5,4,ML;C++,1
Student_9,M.Tech,CE,89.03,4,0,AI;Cloud;Java;AutoCAD,0
Student_10,B.Tech,EEE,62.53,0,1,C++,1
Student_11,B.Tech,CE,60.73,4,1,Data Science;AI;C++;SQL,1
Student_12,B.Tech,IT,55.91,1,3,AI;Data Science,1
Student_13,M.Tech,EEE,93.81,5,4,Cloud;ML;SQL,0
Student_14,M.Tech,EEE,63.35,2,3,Python;Java;Data Science,1
Student_15,B.Tech,EEE,83.51,4,0,ML,1
Student_16,M.Tech,ECE,54.46,4,3,ML;Cloud;AutoCAD;Python,0
Student_17,B.Tech,CSE,57.8,1,2,AI;Data Science,1
Student_18,B.Tech,IT,67.54,5,3,AI,0
Student_19,B.Tech,CE,66.13,3,4,Python,0
Student_20,M.Tech,CE,54.81,3,2,Web Dev,0
Student_21,B.Tech,EEE,84.32,0,2,Cloud;Data Science;Java;SQL,1
Student_22,M.Tech,CSE,74.46,5,2,Python;AI,1
Student_23,M.Tech,CSE,76.3,1,3,AutoCAD,1
Student_24,M.Tech,EEE,93.37,1,0,Java,0
Student_25,B.Tech,CE,66.37,1,3,Python,1
Student_26,B.Tech,EEE,83.6,2,4,Data Science;ML,1
Student_27,B.Tech,ME,84.48,4,3,Python;Data Science,1
Student_28,B.Tech,ECE,86.65,0,0,Data Science;Cloud,1
Student_29,B.Tech,ME,56.74,3,2,AI;Cloud;AutoCAD,1
Student_30,B.Tech,ECE,73.03,1,1,AutoCAD;C++,1
Student_31,B.Tech,ECE,75.76,4,1,Data Science,0
Student_32,M.Tech,IT,78.37,2,1,AutoCAD;ML;SQL,0
Student_33,M.Tech,CE,69.08,1,3,C++,1
Student_34,M.Tech,EEE,92.22,5,1,SQL;AI,1
Student_35,B.Tech,IT,90.04,0,2,SQL,1
Student_36,B.Tech,IT,75.01,4,2,Python;SQL;Cloud;AI,1
Student_37,B.Tech,IT,76.07,2,4,Web Dev;Java;SQL;ML,0
Student_38,B.Tech,ECE,85.49,3,2,Java;ML;Web Dev;Python,1
Student_39,B.Tech,IT,83.19,1,4,C++;Cloud;AI;SQL,1
Student_40,M.Tech,EEE,89.44,1,4,SQL;C++;Python,0
Student_41,B.Tech,ECE,57.85,1,1,Web Dev,1
Student_42,M.Tech,ME,61.48,3,3,Cloud;AutoCAD;AI,1
Student_43,M.Tech,IT,76.83,1,0,Cloud;Data Science,1
Student_44,B.Tech,IT,60.72,1,2,SQL,1
Student_45,B.Tech,IT,65.76,1,2,Web Dev;AI;ML,1
Student_46,B.Tech,IT,87.25,1,0,AI,1
Student_47,B.Tech,ME,53.67,5,0,SQL,1
Student_48,M.Tech,ME,84.51,0,4,AutoCAD,1
Student_49,M.Tech,ECE,68.12,3,2,Cloud;Python;AI;AutoCAD,1
Student_50,M.Tech,ME,55.49,5,2,AutoCAD;SQL;Java;Cloud,1
Student_51,M.Tech,IT,68.56,3,4,AI;AutoCAD;Cloud,1
Student_52,B.Tech,CE,51.24,0,1,Cloud,1
Student_53,M.Tech,EEE,74.62,0,4,Python,1
Student_54,B.Tech,CSE,65.81,2,4,SQL;C++;AI,1
Student_55,M.Tech,ECE,90.27,1,3,AI;C++;Data Science,1
Student_56,M.Tech,ME,85.93,2,3,SQL;Java,1
Student_57,B.Tech,CE,68.12,4,1,C++;Web Dev;Data Science,1
Student_58,M.Tech,ECE,81.28,1,2,Java;Data Science;Web Dev;Python,1
Student_59,M.Tech,CE,66.63,4,4,C++,0
Student_60,M.Tech,ECE,78.55,3,1,Cloud,1
Student_61,M.Tech,EEE,68.84,1,0,ML;C++;Java,1
Student_62,M.Tech,CSE,64.3,1,1,Web Dev;Python;Java,1
Student_63,M.Tech,ECE,66.93,4,3,Python;AI;ML;Web Dev,1
Student_64,M.Tech,ECE,76.26,0,2,AutoCAD;AI;ML,1
Student_65,B.Tech,IT,79.09,1,1,AI;Web Dev;C++;Data Science,1
Student_66,B.Tech,ME,57.28,5,4,SQL;C++;Cloud,1
Student_67,B.Tech,ME,61.84,0,2,C++,1
Student_68,M.Tech,IT,89.19,2,0,Java;SQL;C++,0
Student_69,B.Tech,IT,51.14,0,2,ML;Cloud,1
Student_70,B.Tech,ME,86.39,4,2,AutoCAD;SQL;C++;AI,0
Student_71,M.Tech,EEE,78.19,5,4,Cloud;SQL,1
Student_72,B.Tech,IT,57.22,5,0,AI;Java;Cloud;Web Dev,1
Student_73,B.Tech,EEE,61.28,5,0,Java;Web Dev;AutoCAD;C++,1
Student_74,M.Tech,EEE,55.49,4,0,AI,1
Student_75,M.Tech,ME,89.31,3,3,Java,0
Student_76,B.Tech,CE,87.27,1,0,Cloud,1
Student_77,M.Tech,CSE,74.68,1,4,Java,1
Student_78,M.Tech,IT,81.9,3,3,Java;Data Science;Python,0
Student_79,B.Tech,ECE,93.67,2,2,Web Dev;AutoCAD;C++;Python,0
Student_80,B.Tech,CE,69.77,4,3,Java;AI;ML;AutoCAD,1
Student_81,B.Tech,ECE,70.42,2,4,C++;Java;Python;SQL,1
Student_82,B.Tech,EEE,59.65,2,1,Web Dev;SQL,0
Student_83,B.Tech,ME,69.34,0,0,AI;ML;C++,1
Student_84,M.Tech,CSE,50.41,5,0,Java,1
Student_85,B.Tech,EEE,78.15,1,1,Java;ML;Web Dev,0
Student_86,M.Tech,IT,89.4,1,1,C++;Python;Web Dev,1
Student_87,M.Tech,ECE,85.78,2,2,Web Dev,0
Student_88,M.Tech,ECE,67.7,2,1,Data Science,1
Student_89,M.Tech,CSE,68.85,0,3,Data Science,1
Student_90,M.Tech,EEE,86.84,4,3,SQL,0
Student_91,B.Tech,ME,94.84,0,1,Web Dev,1
Student_92,M.Tech,EEE,64.78,2,1,Java;Data Science,1
Student_93,B.Tech,CSE,87.5,1,3,AutoCAD;Cloud;Python,1
Student_94,B.Tech,EEE,70.53,0,3,ML;AI;Java,1
Student_95,B.Tech,EEE,50.09,4,2,AutoCAD;Web Dev;Data Science;Python,1
Student_96,B.Tech,IT,53.69,2,3,Python;Java;AutoCAD;C++,0
Student_97,B.Tech,CSE,69.28,3,0,C++;Java;ML,1
Student_98,B.Tech,EEE,74.72,1,3,Data Science;SQL;ML;AI,0
Student_99,B.Tech,ECE,87.57,1,2,AutoCAD;Cloud,1
Student_100,M.Tech,IT,67.47,1,4,Cloud,1
Student_101,B.Tech,EEE,57.72,3,1,AutoCAD;ML;Java;AI,1
Student_102,M.Tech,IT,55.43,0,1,Data Science;C++;AutoCAD,0
Student_103,M.Tech,CSE,54.75,1,4,AutoCAD;Python;SQL,1
Student_104,B.Tech,ME,83.07,1,3,Data Science;AI;SQL,0
Student_105,B.Tech,EEE,84.79,0,4,Cloud;Java;Web Dev;AutoCAD,1
Student_106,M.Tech,CE,90.23,5,3,SQL,1
Student_107,B.Tech,CSE,60.88,4,1,AutoCAD;SQL;C++;Data Science,0
Student_108,M.Tech,ECE,52.02,3,0,Web Dev;AutoCAD;C++;Python,0
Student_109,M.Tech,EEE,80.46,4,4,SQL;Python,1
Student_110,M.Tech,IT,87.58,0,3,C++;ML,0
Student_111,B.Tech,EEE,89.71,3,1,C++;Cloud;AI;ML,1
Student_112,M.Tech,ECE,75.01,2,2,Data Science;Web Dev;ML;Cloud,1
Student_113,B.Tech,ECE,66.01,3,0,Cloud;Java,1
Student_114,M.Tech,ECE,90.95,2,0,Python;ML;SQL;Data Science,1
Student_115,B.Tech,ME,67.9,5,3,Java,1
Student_116,B.Tech,CSE,77.96,5,0,Java;ML;Cloud,0
Student_117,B.Tech,CSE,65.44,0,0,Cloud;C++;SQL;AI,1
Student_118,M.Tech,IT,69.22,2,3,Web Dev;C++,0
Student_119,M.Tech,IT,61.48,4,4,Cloud,1
Student_120,M.Tech,ECE,68.35,1,2,Java;Cloud;Python;Data Science,1
Student_121,M.Tech,ECE,78.39,2,1,Cloud;Java,1
Student_122,M.Tech,ECE,66.22,5,1,C++;Data Science,0
Student_123,M.Tech,ME,64.25,5,2,Cloud;AI;ML,1
Student_124,B.Tech,EEE,86.62,5,2,C++,0
Student_125,M.Tech,EEE,94.88,0,4,Data Science;AI;Web Dev,0
Student_126,B.Tech,CSE,58.9,0,2,Python,1
Student_127,B.Tech,EEE,63.28,0,2,Cloud;Data Science;AutoCAD;C++,1
Student_128,B.Tech,IT,62.18,2,4,C++,1
Student_129,B.Tech,ECE,59.62,4,1,ML,0
Student_130,B.Tech,ECE,82.47,4,4,C++;SQL;Data Science,0
Student_131,M.Tech,ECE,86.91,1,3,SQL;Cloud;Java,0
Student_132,M.Tech,IT,50.54,1,3,ML;Web Dev;AI,0
Student_133,M.Tech,ME,74.59,2,1,Web Dev;Data Science,1
Student_134,M.Tech,ME,77.94,1,3,Data Science;AI;Cloud;Web Dev,1
Student_135,M.Tech,CE,93.53,4,4,Cloud;ML,1
Student_136,B.Tech,ECE,62.74,5,3,ML;SQL;Cloud;Data Science,1
Student_137,B.Tech,CE,88.09,5,2,C++;Web Dev,0
Student_138,B.Tech,CSE,92.62,5,0,C++,1
Student_139,M.Tech,ME,62.1,1,0,AutoCAD,0
Student_140,B.Tech,CE,50.16,4,1,Cloud,1
Student_141,B.Tech,ME,75.19,2,4,AI;AutoCAD,1
Student_142,M.Tech,CE,81.92,5,2,C++;AutoCAD,1
Student_143,B.Tech,ECE,68.67,4,2,SQL;C++;Cloud;Data Science,0
Student_144,M.Tech,EEE,60.91,3,4,ML;Python;AutoCAD,1
Student_145,B.Tech,EEE,70.49,0,0,Cloud;Data Science;AI,1
Student_146,M.Tech,ECE,60.62,5,0,Cloud;Python,1
Student_147,B.Tech,EEE,51.78,0,2,Cloud;AutoCAD,1
Student_148,B.Tech,IT,87.35,0,4,ML;AI;SQL;Python,1
Student_149,M.Tech,CSE,77.64,5,2,C++;Java;Python;SQL,1
Student_150,B.Tech,CSE,75.59,3,2,SQL;ML;Web Dev;Python,0
Student_151,M.Tech,IT,91.11,5,1,Web Dev;Cloud;Java,1
Student_152,B.Tech,CE,91.73,4,4,Data Science;C++;SQL,1
Student_153,B.Tech,ECE,52.36,3,3,Java;Data Science,1
Student_154,B.Tech,EEE,62.22,5,3,ML;Data Science;Cloud;AI,1
Student_155,B.Tech,EEE,62.88,1,3,Data Science,1
Student_156,M.Tech,ME,57.14,0,4,Java,1
Student_157,M.Tech,EEE,84.41,5,1,AI;Cloud,0
Student_158,B.Tech,CE,65.25,5,1,SQL;Data Science,1
Student_159,M.Tech,CSE,63.05,0,2,C++,0
Student_160,M.Tech,EEE,85.65,2,1,Web Dev;Cloud,0
Student_161,M.Tech,CSE,81.72,4,0,SQL;C++,0
Student_162,B.Tech,CE,82.84,0,0,ML;Cloud,1
Student_163,M.Tech,IT,85.67,1,2,Cloud;SQL,1
Student_164,B.Tech,CE,80.17,1,1,Java,1
Student_165,M.Tech,CE,75.2,4,0,Java;AutoCAD;C++;Data Science,0
Student_166,B.Tech,ME,74.63,0,2,Java,1
Student_167,M.Tech,CSE,66.38,3,1,SQL;Cloud;Java,0
Student_168,B.Tech,ME,88.29,2,4,Web Dev,0
Student_169,B.Tech,ECE,66.86,4,0,AutoCAD;C++;Web Dev,1
Student_170,M.Tech,EEE,83.1,0,2,Web Dev,1
Student_171,B.Tech,ME,67.18,3,0,AutoCAD;ML;AI;SQL,1
Student_172,B.Tech,CSE,55.08,1,2,C++,0
Student_173,B.Tech,CE,77.9,2,4,Web Dev,1
Student_174,M.Tech,ME,61.09,2,4,Python;C++,0
Student_175,M.Tech,IT,64.52,0,3,Python;Cloud,1
Student_176,B.Tech,ME,83.56,1,0,Web Dev;Data Science,1
Student_177,M.Tech,ME,86.11,5,2,ML;Web Dev;Python;C++,1
Student_178,M.Tech,EEE,90.63,1,0,Python;AI;SQL,1
Student_179,M.Tech,EEE,62.36,4,1,Java;Cloud;C++,0
Student_180,B.Tech,ECE,55.63,4,2,Python,0
Student_181,M.Tech,EEE,90.55,0,1,AutoCAD;Data Science,0
Student_182,B.Tech,CE,84.54,0,2,SQL;Web Dev,0
Student_183,B.Tech,EEE,91.94,2,1,ML;Python;AutoCAD;AI,1
Student_184,M.Tech,CSE,57.15,5,0,C++;ML;Data Science;Python,0
Student_185,B.Tech,ME,53.75,4,4,Python,1
Student_186,M.Tech,CE,51.62,1,2,C++;Data Science;Python,1
Student_187,M.Tech,EEE,75.51,5,2,Data Science,1
Student_188,M.Tech,ME,68.0,4,0,Python;Cloud,1
Student_189,B.Tech,ME,73.54,2,1,Data Science;AutoCAD;SQL;Java,1
Student_190,M.Tech,CSE,81.93,5,1,ML;SQL,1
Student_191,M.Tech,ECE,93.66,2,2,SQL;Web Dev;AI;Cloud,1
Student_192,B.Tech,CSE,81.97,0,4,Web Dev;Data Science;ML;C++,1
Student_193,M.Tech,CE,75.49,4,0,Python;AutoCAD;SQL;Data Science,1
Student_194,M.Tech,EEE,57.86,1,1,Web Dev;ML;Java;AI,1
Student_195,B.Tech,CE,91.3,2,4,ML;Java,1
Student_196,B.Tech,EEE,67.81,3,0,Python;SQL;Cloud,1
Student_197,B.Tech,ME,63.94,4,2,Web Dev;C++,0
Student_198,M.Tech,EEE,85.99,5,4,ML,1
Student_199,M.Tech,ME,75.62,5,2,Data Science;AutoCAD,0
Student_200,B.Tech,CE,80.96,3,4,Web Dev;AI,0
Student_201,B.Tech,ME,76.71,5,2,Python;Cloud;Java,1
Student_202,B.Tech,ECE,87.33,1,4,Data Science;Java;Python;SQL,0
Student_203,M.Tech,IT,62.3,4,3,Python;C++;AI;Cloud,0
Student_204,M.Tech,ECE,93.16,1,1,Data Science;Java;Cloud,0
Student_205,B.Tech,CE,85.98,1,0,C++;AutoCAD;Python,1
Student_206,M.Tech,ECE,66.25,3,4,SQL,1
Student_207,B.Tech,ECE,91.96,0,1,AI;AutoCAD,1
Student_208,B.Tech,CSE,82.32,5,4,Python;Web Dev;Cloud;C++,1
Student_209,M.Tech,ME,82.77,1,0,Java;Python;Web Dev;Data Science,1
Student_210,M.Tech,ECE,80.81,5,1,Data Science;ML;Cloud;Java,1
Student_211,M.Tech,ECE,66.22,0,3,ML;SQL;Data Science,0
Student_212,B.Tech,ME,70.9,4,2,Web Dev;ML,1
Student_213,B.Tech,EEE,78.52,0,0,Cloud,0
Student_214,B.Tech,ME,84.89,3,3,Cloud,1
Student_215,B.Tech,ECE,86.84,3,3,C++;Data Science,1
Student_216,B.Tech,ECE,61.24,5,4,Python,1
Student_217,M.Tech,CSE,86.52,0,3,AI;SQL;Python,1
Student_218,M.Tech,IT,88.78,1,3,AutoCAD;C++;ML,1
Student_219,B.Tech,ME,54.54,1,4,ML;AI;C++;AutoCAD,1
Student_220,M.Tech,CSE,72.44,0,1,AutoCAD;C++;ML;SQL,1
Student_221,M.Tech,CSE,74.02,1,2,Java,1
Student_222,B.Tech,EEE,90.41,3,2,ML;C++;AutoCAD,1
Student_223,B.Tech,ECE,69.33,1,1,Web Dev,1
Student_224,M.Tech,CE,56.97,5,2,Python,1
Student_225,B.Tech,ECE,62.25,0,1,Data Science;Java;AI,1
Student_226,B.Tech,ME,76.39,1,0,Web Dev;Java;C++;SQL,0
Student_227,M.Tech,EEE,52.0,1,4,C++;AutoCAD,1
Student_228,B.Tech,CSE,52.01,0,1,Java,0
Student_229,B.Tech,IT,50.23,1,4,Python;SQL;Cloud;Web Dev,0
Student_230,M.Tech,CSE,76.94,1,3,Cloud;SQL,1
Student_231,M.Tech,ME,54.66,1,2,C++;Data Science;Web Dev,1
Student_232,M.Tech,CE,72.11,0,0,Web Dev;Data Science,1
Student_233,M.Tech,CSE,67.8,3,3,Web Dev;Cloud;AI;Python,0
Student_234,M.Tech,ECE,56.28,5,3,Web Dev;ML,1
Student_235,B.Tech,IT,57.61,2,3,Python;C++,1
Student_236,B.Tech,EEE,91.08,3,4,Python,0
Student_237,M.Tech,ME,60.37,1,3,C++;ML;AutoCAD,0
Student_238,M.Tech,EEE,92.64,0,0,SQL;AI;ML;Data Science,0
Student_239,B.Tech,EEE,80.03,1,2,Python,1
Student_240,M.Tech,CSE,69.1,3,4,Web Dev;Cloud;Java,1
Student_241,B.Tech,ECE,54.26,4,4,AI;C++;AutoCAD,1
Student_242,M.Tech,IT,90.85,3,1,Python;SQL,1
Student_243,B.Tech,EEE,84.31,5,1,SQL;C++;Python,0
Student_244,M.Tech,ECE,54.75,2,4,ML,1
Student_245,B.Tech,IT,67.73,5,3,AI;Web Dev;Python,0
Student_246,B.Tech,ECE,68.46,3,0,Cloud;Python;Web Dev;Java,0
Student_247,M.Tech,EEE,91.29,1,2,Cloud,1
Student_248,M.Tech,ME,51.89,4,4,Web Dev,1
Student_249,M.Tech,EEE,56.33,5,3,Java,1
Student_250,B.Tech,ME,82.31,2,4,SQL;AutoCAD;Java;Data Science,0
Student_251,M.Tech,IT,78.65,2,4,Python,0
Student_252,M.Tech,IT,93.16,3,4,Web Dev;C++;AI;ML,1
Student_253,M.Tech,ME,67.24,3,0,AutoCAD;AI;Web Dev,1
Student_254,B.Tech,IT,86.23,5,0,SQL;Python;Cloud;Web Dev,1
Student_255,M.Tech,CSE,56.88,4,2,AI;Python;Web Dev;Cloud,1
Student_256,B.Tech,EEE,93.46,4,3,C++;Web Dev;Python;SQL,1
Student_257,B.Tech,CSE,67.6,1,3,Cloud,0
Student_258,M.Tech,CSE,79.68,0,4,AutoCAD,1
Student_259,B.Tech,CSE,84.19,5,1,Python;Java,0
Student_260,B.Tech,CSE,61.29,1,2,Data Science;ML;Java;Web Dev,1
Student_261,B.Tech,CE,83.43,0,3,Java;AI;Web Dev,1
Student_262,B.Tech,CSE,91.81,1,3,Cloud;ML;Java,1
Student_263,M.Tech,ECE,58.36,4,4,ML;C++;Java;AI,1
Student_264,B.Tech,IT,85.5,4,1,AutoCAD;Web Dev;ML;AI,0
Student_265,M.Tech,EEE,86.82,3,4,Cloud;AI;ML;Web Dev,1
Student_266,M.Tech,ECE,57.12,4,3,ML;C++;AI;Web Dev,1
Student_267,M.Tech,ECE,67.87,2,3,ML;SQL;AI;Web Dev,0
Student_268,M.Tech,IT,65.64,3,2,Web Dev;AI;C++;SQL,0
Student_269,B.Tech,CSE,72.12,1,2,Java;C++;AI;SQL,0
Student_270,M.Tech,EEE,92.8,2,4,Java,1
Student_271,M.Tech,IT,82.25,0,0,Data Science,1
Student_272,B.Tech,ME,89.28,3,1,Java;Data Science;ML,1
Student_273,M.Tech,ME,80.97,5,2,AI,0
Student_274,M.Tech,ME,72.87,0,2,ML;AI,1
Student_275,B.Tech,IT,72.46,0,4,Data Science;Web Dev;Python;Cloud,0
Student_276,M.Tech,IT,50.28,5,3,C++;Python,0
Student_277,M.Tech,CE,90.86,2,1,Web Dev;Data Science;ML,1
Student_278,M.Tech,CSE,87.2,3,3,SQL;Cloud;Python,0
Student_279,M.Tech,ECE,60.7,0,1,Data Science,0
Student_280,M.Tech,CE,85.12,0,3,SQL;AI,0
Student_281,M.Tech,EEE,53.32,3,3,C++;Data Science,1
Student_282,M.Tech,IT,81.27,3,4,Python;ML;Cloud;Web Dev,1
Student_283,B.Tech,ECE,57.77,1,4,Java;Web Dev;AI,1
Student_284,B.Tech,IT,66.67,4,4,AI;Web Dev;C++;Python,1
Student_285,M.Tech,EEE,51.0,4,0,Java,1
Student_286,M.Tech,CE,50.14,0,2,Data Science;SQL,1
Student_287,M.Tech,EEE,55.27,3,3,Data Science;Web Dev;ML;SQL,1
Student_288,B.Tech,IT,73.33,5,2,AutoCAD,0
Student_289,M.Tech,IT,88.94,1,0,Web Dev;Python;Java;AutoCAD,0
Student_290,B.Tech,ME,83.33,4,0,ML;C++;Cloud;Data Science,1
Student_291,B.Tech,IT,51.98,3,2,C++,1
Student_292,M.Tech,IT,67.68,0,4,ML;AI,1
Student_293,M.Tech,EEE,56.24,4,3,Data Science,1
Student_294,M.Tech,ECE,69.79,1,3,C++,1
Student_295,M.Tech,ECE,57.57,3,0,AutoCAD;Data Science,0
Student_296,M.Tech,EEE,89.66,2,3,AutoCAD;Cloud;AI,0
Student_297,M.Tech,IT,79.75,3,2,Java;Data Science;SQL;C++,1
Student_298,B.Tech,ME,62.18,0,0,AI,1
Student_299,M.Tech,ME,70.73,3,4,C++;Java;Cloud,1
Student_300,M.Tech,IT,82.41,0,3,Cloud;Java;Data Science;SQL,1
Student_301,M.Tech,IT,92.14,1,2,Python;AutoCAD;Cloud,0
Student_302,B.Tech,ME,93.14,0,2,ML,1
Student_303,B.Tech,CE,68.22,4,1,Web Dev;C++,1
Student_304,M.Tech,CE,74.93,0,4,Cloud;Java,1
Student_305,M.Tech,CSE,66.82,3,3,ML;AutoCAD;Web Dev,0
Student_306,B.Tech,CSE,90.48,3,2,AI;ML,1
Student_307,B.Tech,CE,86.95,0,2,Java,1
Student_308,M.Tech,IT,65.67,4,1,Java,1
Student_309,M.Tech,IT,67.82,5,2,SQL,1
Student_310,B.Tech,EEE,75.65,5,3,AI;SQL;Cloud;Web Dev,1
Student_311,M.Tech,CSE,82.89,1,3,C++;Web Dev;ML,1
Student_312,M.Tech,ECE,62.14,3,0,Data Science;Cloud,1
Student_313,M.Tech,ECE,72.92,5,4,AutoCAD;AI,1
Student_314,M.Tech,ME,73.34,1,1,AI;ML,0
Student_315,B.Tech,ME,75.37,3,1,Java;Data Science;SQL,0
Student_316,M.Tech,CSE,65.43,5,4,Python;AutoCAD;Java;AI,0
Student_317,B.Tech,ECE,72.32,0,4,SQL;Python;AutoCAD;AI,1
Student_318,B.Tech,ME,69.95,1,1,Java;C++,0
Student_319,B.Tech,ME,92.02,5,3,Python,1
Student_320,M.Tech,CE,62.13,1,1,ML;Python,1
Student_321,M.Tech,CSE,94.02,2,2,C++;AI;ML,1
Student_322,B.Tech,EEE,89.07,0,3,Cloud;SQL;AutoCAD;Data Science,1
Student_323,B.Tech,IT,78.52,0,3,Python;Java;Web Dev;AI,1
Student_324,M.Tech,ECE,64.71,3,2,Python;C++,1
Student_325,B.Tech,IT,71.82,1,2,AutoCAD;Cloud;SQL;Python,1
Student_326,B.Tech,CE,85.86,2,2,SQL,1
Student_327,M.Tech,ECE,70.36,1,1,Web Dev;Cloud;Python;AutoCAD,1
Student_328,B.Tech,IT,55.05,1,0,AutoCAD;SQL;Python;ML,0
Student_329,M.Tech,EEE,75.83,3,0,AI;AutoCAD;Data Science;Web Dev,0
Student_330,B.Tech,ECE,71.85,3,1,Cloud;AI;Java;SQL,1
Student_331,B.Tech,EEE,88.97,2,4,Data Science;AutoCAD;Cloud;AI,1
Student_332,M.Tech,IT,61.45,5,3,ML;Python;Web Dev;C++,1
Student_333,M.Tech,IT,64.69,3,4,Data Science;AutoCAD,1
Student_334,B.Tech,IT,74.35,3,3,Java;Web Dev,1
Student_335,M.Tech,IT,78.44,0,2,AutoCAD,0
Student_336,M.Tech,IT,77.63,2,1,SQL;Python;C++,1
Student_337,M.Tech,CE,68.19,2,1,Python;Data Science;ML;Java,0
Student_338,B.Tech,CE,92.23,1,4,Data Science;AutoCAD;Python;Cloud,1
Student_339,B.Tech,IT,68.35,3,1,SQL;Java;AutoCAD,0
Student_340,M.Tech,ECE,73.18,4,1,AI;Data Science;Python,0
Student_341,M.Tech,CE,91.76,4,0,Data Science;SQL,1
Student_342,M.Tech,ME,86.56,1,0,Java;C++;AI;Cloud,0
Student_343,B.Tech,CE,52.31,3,2,AutoCAD;Cloud;SQL;AI,1
Student_344,B.Tech,IT,80.4,0,4,ML,0
Student_345,B.Tech,IT,55.55,1,2,ML;Web Dev;AutoCAD;C++,0
Student_346,B.Tech,IT,67.59,4,4,Java,0
Student_347,B.Tech,IT,70.68,4,3,Cloud;ML;Web Dev;Data Science,1
Student_348,M.Tech,IT,88.33,3,4,Cloud;SQL;Web Dev,1
Student_349,B.Tech,ECE,76.39,4,0,AI,0
Student_350,M.Tech,EEE,80.62,4,4,AI;ML;AutoCAD;Java,0
Student_351,B.Tech,CE,66.35,2,1,Cloud;Python;C++,0
Student_352,B.Tech,ECE,78.11,3,0,Java,0
Student_353,M.Tech,ME,64.12,0,2,Python;Java,1
Student_354,B.Tech,EEE,63.89,5,0,ML;Web Dev;SQL,1
Student_355,B.Tech,CSE,54.12,4,1,Cloud;Web Dev;ML,1
Student_356,B.Tech,CSE,67.04,0,0,ML;AutoCAD;AI,0
Student_357,B.Tech,CE,90.63,0,3,Cloud;ML;Web Dev;C++,1
Student_358,M.Tech,ECE,83.59,3,3,SQL;AI;C++,1
Student_359,M.Tech,IT,67.15,3,4,Cloud,1
Student_360,M.Tech,CE,50.99,5,0,Data Science,1
Student_361,M.Tech,IT,68.17,4,0,Python;ML,0
Student_362,M.Tech,ECE,63.63,0,4,Python;Web Dev,0
Student_363,M.Tech,EEE,52.01,0,3,Cloud,0
Student_364,B.Tech,ME,93.09,5,0,SQL;C++;AutoCAD,0
Student_365,B.Tech,CE,89.15,1,0,Java;Data Science;Python,1
Student_366,M.Tech,IT,93.94,0,0,SQL,0
Student_367,B.Tech,CE,73.11,1,2,SQL;Java,1
Student_368,B.Tech,ECE,54.43,4,3,SQL;Java,1
Student_369,B.Tech,CE,64.25,1,2,Data Science;AutoCAD;ML;AI,1
Student_370,B.Tech,IT,55.1,2,2,Web Dev;Cloud;AI;Java,1
Student_371,M.Tech,ME,72.14,4,2,ML;Java,1
Student_372,B.Tech,CSE,79.85,0,0,Cloud;Python;Data Science;C++,1
Student_373,B.Tech,ECE,63.16,2,1,Cloud;Data Science;Python;AutoCAD,0
Student_374,B.Tech,IT,63.26,3,0,C++;Web Dev;AI,1
Student_375,B.Tech,EEE,73.67,2,0,AI;ML;Web Dev,0
Student_376,M.Tech,EEE,68.68,0,2,Data Science;AutoCAD;SQL;Java,1
Student_377,M.Tech,IT,71.54,0,3,Python;SQL,1
Student_378,B.Tech,CE,94.69,0,1,Web Dev;Python;SQL;AI,1
Student_379,M.Tech,CSE,90.31,2,2,AI;C++,0
Student_380,B.Tech,ECE,59.36,0,3,Data Science;AI,0
Student_381,M.Tech,ECE,51.3,4,2,Java;C++,1
Student_382,B.Tech,CE,94.29,4,2,SQL;C++;AI;ML,1
Student_383,M.Tech,ME,89.77,1,0,AutoCAD;ML;Web Dev;SQL,0
Student_384,M.Tech,CE,63.51,2,2,C++;Cloud,0
Student_385,M.Tech,CE,87.98,0,1,Cloud;ML;Web Dev;SQL,1
Student_386,B.Tech,IT,88.01,3,2,SQL;ML;Cloud;AI,1
Student_387,B.Tech,ME,94.14,4,0,SQL,0
Student_388,M.Tech,ECE,50.07,4,4,Java,0
Student_389,M.Tech,ECE,56.05,4,4,ML;AutoCAD;Data Science,1
Student_390,M.Tech,ME,90.77,1,2,C++;SQL;ML;Web Dev,1
Student_391,B.Tech,ECE,93.24,1,4,Web Dev;Cloud,1
Student_392,B.Tech,IT,89.55,2,2,SQL;Java;C++;Web Dev,1
Student_393,B.Tech,CE,75.74,2,1,C++;Web Dev,1
Student_394,B.Tech,IT,82.95,2,2,C++;ML;Python,1
Student_395,M.Tech,IT,81.0,0,3,Cloud;Data Science;C++,1
Student_396,B.Tech,ME,92.48,0,4,Data Science;Java;Web Dev,1
Student_397,M.Tech,CE,76.91,3,0,AI;AutoCAD;Python,1
Student_398,B.Tech,ECE,50.19,5,1,SQL,0
Student_399,M.Tech,CSE,76.49,0,1,C++;ML,1
Student_400,B.Tech,CE,65.58,3,1,Cloud;Java,1
Student_401,M.Tech,EEE,69.11,2,1,Python,0
Student_402,B.Tech,EEE,71.6,0,3,ML,1
Student_403,B.Tech,CE,80.61,2,4,Python;Java,1
Student_404,B.Tech,ECE,88.7,2,0,C++;Cloud;Java;Python,1
Student_405,B.Tech,ECE,78.38,5,0,AutoCAD,1
Student_406,B.Tech,ECE,90.93,4,1,AI;Data Science,0
Student_407,B.Tech,EEE,82.62,4,1,Data Science;ML;Web Dev,1
Student_408,B.Tech,ME,76.41,3,0,Java;Cloud;AI;Data Science,1
Student_409,B.Tech,CE,88.04,2,0,Python;AutoCAD;C++;SQL,1
Student_410,B.Tech,ECE,84.43,3,1,Cloud;Java,1
Student_411,B.Tech,CSE,93.22,1,4,Cloud;ML;Data Science;C++,0
Student_412,B.Tech,CSE,70.23,3,4,Web Dev,0
Student_413,M.Tech,CE,73.96,2,1,AutoCAD;Python;Cloud,1
Student_414,M.Tech,CSE,59.63,2,2,AI,1
Student_415,M.Tech,CSE,53.13,0,2,AI,1
Student_416,B.Tech,EEE,62.32,4,2,AutoCAD;SQL;Java,1
Student_417,M.Tech,ECE,69.74,2,3,Python;Data Science,1
Student_418,M.Tech,IT,77.01,5,4,Java,0
Student_419,M.Tech,EEE,83.62,3,0,SQL;AutoCAD;Cloud;Python,0
Student_420,B.Tech,EEE,65.53,0,4,Python,0
Student_421,B.Tech,ECE,77.9,5,2,Data Science;C++;ML,0
Student_422,M.Tech,ME,57.72,1,0,Java;AI;Cloud;Data Science,1
Student_423,B.Tech,CSE,71.77,5,4,Python;AutoCAD;Java,1
Student_424,M.Tech,CE,81.15,0,3,C++;Data Science,0
Student_425,M.Tech,CSE,60.82,3,3,SQL,0
Student_426,B.Tech,ECE,55.04,3,3,SQL;ML;Python;C++,1
Student_427,M.Tech,IT,79.55,3,1,AutoCAD;Python;Java;SQL,0
Student_428,M.Tech,CSE,55.54,1,4,Python;AI;AutoCAD;Cloud,1
Student_429,M.Tech,CE,90.26,5,3,Web Dev,0
Student_430,M.Tech,ME,83.42,3,1,Web Dev;Cloud;Python,1
Student_431,M.Tech,CE,78.97,5,2,Web Dev;C++,0
Student_432,B.Tech,CSE,91.23,3,2,C++;Cloud,0
Student_433,B.Tech,IT,92.21,0,4,Web Dev,0
Student_434,B.Tech,IT,55.96,0,4,Python,0
Student_435,M.Tech,ECE,89.68,4,1,AI;SQL;C++;ML,1
Student_436,M.Tech,CE,78.06,0,0,Web Dev;Cloud;Data Science,1
Student_437,B.Tech,CE,83.77,4,2,ML,1
Student_438,M.Tech,IT,83.61,4,2,Web Dev;SQL;Python,1
Student_439,M.Tech,EEE,71.68,1,1,SQL;C++;Web Dev;Data Science,1
Student_440,B.Tech,EEE,86.65,0,3,AutoCAD;Java;Python;AI,1
Student_441,B.Tech,CE,83.76,3,1,Web Dev;SQL;Data Science,0
Student_442,B.Tech,ECE,87.68,3,0,AI;Cloud;SQL;Web Dev,1
Student_443,B.Tech,CE,69.52,5,4,Data Science,1
Student_444,M.Tech,CE,80.19,5,0,SQL,0
Student_445,M.Tech,CSE,52.39,5,0,AutoCAD;AI;SQL,1
Student_446,M.Tech,EEE,72.54,5,2,Data Science;Web Dev;Cloud,1
Student_447,M.Tech,IT,57.68,4,2,AutoCAD,0
Student_448,B.Tech,CSE,76.41,5,4,Data Science;AutoCAD,1
Student_449,M.Tech,ECE,59.15,3,3,Java;Data Science;C++,1
Student_450,M.Tech,ME,78.38,2,4,C++;ML;AutoCAD;Java,1
Student_451,B.Tech,IT,90.69,2,1,AI;Data Science;Web Dev,0
Student_452,M.Tech,CSE,70.89,2,1,Java,1
Student_453,B.Tech,EEE,94.38,4,3,ML;Python;Web Dev,1
Student_454,B.Tech,CE,90.51,5,0,Data Science,1
Student_455,M.Tech,CSE,78.46,0,2,C++,1
Student_456,B.Tech,ME,90.85,2,2,SQL;Web Dev;C++;Java,1
Student_457,B.Tech,ECE,84.9,5,3,AutoCAD;C++;Cloud,1
Student_458,M.Tech,IT,75.74,1,2,ML;Python,1
Student_459,B.Tech,CSE,82.32,1,2,Python;Java;AutoCAD,0
Student_460,B.Tech,CE,69.02,0,4,AutoCAD,0
Student_461,M.Tech,IT,57.62,5,4,SQL;Python;Cloud;Data Science,1
Student_462,B.Tech,EEE,64.22,5,4,Web Dev;AutoCAD;SQL;Python,0
Student_463,B.Tech,EEE,73.29,0,1,AutoCAD;C++;Python;AI,1
Student_464,B.Tech,ECE,67.02,2,3,Web Dev;Java,0
Student_465,B.Tech,EEE,74.24,4,3,C++;Web Dev;Cloud,1
Student_466,M.Tech,CSE,55.84,2,0,SQL;Cloud;Java;Data Science,1
Student_467,M.Tech,CSE,88.43,3,0,Python,0
Student_468,B.Tech,ECE,84.31,5,3,AI;Cloud;SQL,1
Student_469,B.Tech,CSE,67.51,5,3,C++;Python,0
Student_470,M.Tech,EEE,70.7,5,4,AI,1
Student_471,M.Tech,ME,50.83,3,4,Java,0
Student_472,M.Tech,EEE,57.71,1,1,AutoCAD;AI,0
Student_473,B.Tech,CSE,65.84,2,3,ML;Python;AI;Java,0
Student_474,M.Tech,CSE,83.43,3,0,AutoCAD;Web Dev,1
Student_475,M.Tech,EEE,65.52,3,0,AI;SQL;Data Science,1
Student_476,M.Tech,IT,85.84,0,4,SQL;Python;ML;Web Dev,1
Student_477,B.Tech,CE,85.49,0,0,Web Dev;AutoCAD;ML;Python,1
Student_478,M.Tech,CSE,81.53,3,2,AI;Python;Cloud;SQL,0
Student_479,M.Tech,EEE,67.34,3,2,Data Science;Cloud;C++,0
Student_480,M.Tech,CSE,74.85,3,1,SQL;Data Science;ML,0
Student_481,B.Tech,CE,92.67,2,0,AI;Data Science;Cloud;ML,0
Student_482,M.Tech,IT,80.69,1,2,Web Dev;Java,1
Student_483,M.Tech,ME,82.86,0,4,C++;Python;Web Dev;ML,1
Student_484,M.Tech,EEE,61.58,5,0,AutoCAD;Web Dev;C++;SQL,0
Student_485,B.Tech,EEE,73.32,0,3,Data Science;ML;AutoCAD;Cloud,0
Student_486,B.Tech,CSE,78.61,2,0,Data Science;SQL;Python,0
Student_487,M.Tech,CE,67.19,3,2,ML;Web Dev;AI;C++,1
Student_488,B.Tech,ME,76.39,0,3,Cloud;Web Dev,0
Student_489,M.Tech,CSE,78.1,0,4,AI,1
Student_490,M.Tech,IT,68.68,4,0,ML,0
Student_491,M.Tech,CSE,57.49,3,1,Java;Python,0
Student_492,B.Tech,CSE,72.86,2,2,C++;Cloud;ML;Python,0
Student_493,B.Tech,ECE,89.14,4,4,Java;SQL;AutoCAD;Web Dev,0
Student_494,M.Tech,ECE,56.2,1,0,AI;Data Science;Python;Web Dev,1
Student_495,B.Tech,ECE,87.71,4,1,ML;AI;Java,1
Student_496,M.Tech,IT,90.64,1,2,Data Science,0
Student_497,M.Tech,ME,65.66,2,1,AI;SQL,1
Student_498,M.Tech,CSE,88.42,1,4,Python;Data Science;AutoCAD,1
Student_499,M.Tech,CSE,94.73,3,0,ML,1
Student_500,B.Tech,ME,71.97,2,2,Cloud;C++;Data Science,0
Student_501,B.Tech,IT,66.2,5,3,Cloud,0
Student_502,B.Tech,CE,70.65,2,2,Web Dev;AI;Data Science,0
Student_503,M.Tech,IT,77.26,5,0,Web Dev;AI,1
Student_504,B.Tech,CSE,54.87,4,0,ML,1
Student_505,M.Tech,EEE,80.52,5,0,AutoCAD;Java;SQL;Python,1
Student_506,M.Tech,EEE,90.6,2,3,ML;Data Science,1
Student_507,M.Tech,ME,94.09,4,3,C++,1
Student_508,M.Tech,CSE,90.83,2,2,Data Science,1
Student_509,B.Tech,EEE,90.08,4,2,Python;Web Dev,0
Student_510,B.Tech,ME,88.07,5,1,Python;SQL,0
Student_511,B.Tech,ECE,88.08,1,0,Data Science;Cloud;ML,0
Student_512,B.Tech,CE,82.54,2,1,Data Science;Cloud;AI,1
Student_513,M.Tech,EEE,90.46,4,3,Web Dev,1
Student_514,M.Tech,CSE,89.47,3,0,Java,0
Student_515,B.Tech,IT,76.14,0,0,Data Science;Web Dev;SQL,1
Student_516,B.Tech,CSE,84.69,3,0,Cloud;AutoCAD,0
Student_517,M.Tech,EEE,67.83,0,4,AI;C++,0
Student_518,B.Tech,ECE,73.51,1,1,SQL,1
Student_519,B.Tech,EEE,65.74,0,4,Cloud;Data Science;C++;Web Dev,0
Student_520,B.Tech,CSE,65.09,5,3,Web Dev;SQL;Java,1
Student_521,M.Tech,ECE,50.87,3,2,C++,0
Student_522,M.Tech,CE,72.37,1,3,Data Science;ML;Web Dev;Cloud,1
Student_523,B.Tech,CE,88.5,2,4,C++;AutoCAD;Python;ML,0
Student_524,B.Tech,ME,57.89,5,0,Cloud;Python,0
Student_525,B.Tech,ME,60.4,2,0,Web Dev,1
Student_526,B.Tech,CE,93.07,5,3,Python;AI,1
Student_527,M.Tech,CE,69.51,3,3,AI;Data Science;C++,0
Student_528,B.Tech,CE,56.59,4,3,AI;Java;Cloud;ML,1
Student_529,B.Tech,EEE,82.51,2,2,Python,1
Student_530,B.Tech,CE,84.42,2,0,Cloud;Web Dev;C++,0
Student_531,B.Tech,IT,66.42,5,4,Web Dev,0
Student_532,B.Tech,CSE,57.42,4,4,C++;AI;Cloud,1
Student_533,M.Tech,CSE,57.37,2,0,AutoCAD;Python,1
Student_534,B.Tech,IT,92.67,2,3,Python;C++;AutoCAD;Cloud,0
Student_535,B.Tech,IT,64.74,4,2,Python;ML;Java;AutoCAD,1
Student_536,M.Tech,CSE,50.76,4,2,Python;Data Science;SQL,1
Student_537,B.Tech,CSE,59.2,3,4,C++;AutoCAD;AI,0
Student_538,B.Tech,CSE,64.7,4,1,Data Science;AI,1
Student_539,M.Tech,EEE,63.24,5,0,C++,0
Student_540,M.Tech,IT,68.13,3,4,ML,1
Student_541,M.Tech,ME,68.0,3,0,Java;Data Science;Cloud,1
Student_542,M.Tech,ECE,86.57,4,1,C++;Cloud,0
Student_543,M.Tech,CSE,75.74,3,3,AI;Java,1
Student_544,M.Tech,EEE,86.9,3,3,Data Science;Cloud;Python;Java,0
Student_545,B.Tech,ECE,71.32,2,2,AI;C++;Java;Cloud,1
Student_546,M.Tech,CSE,94.98,1,4,ML;Python,0
Student_547,M.Tech,ME,87.78,2,2,AI;ML,1
Student_548,B.Tech,CE,83.89,1,0,Python;Data Science;C++;Web Dev,1
Student_549,M.Tech,ECE,67.31,0,4,Data Science;C++;AI,1
Student_550,M.Tech,CSE,87.06,3,3,Web Dev,1
Student_551,M.Tech,ECE,76.53,3,0,AI;Cloud,1
Student_552,B.Tech,CSE,58.88,5,1,Python;Data Science,1
Student_553,M.Tech,ECE,61.49,4,3,C++,0
Student_554,B.Tech,ME,86.47,2,3,SQL;Python;ML;C++,0
Student_555,M.Tech,CE,94.44,4,3,Python,0
Student_556,B.Tech,CSE,57.89,5,3,SQL;AutoCAD,1
Student_557,M.Tech,EEE,62.03,5,2,Python;Cloud;C++;Java,1
Student_558,M.Tech,IT,86.61,3,0,Java;C++;Python,1
Student_559,B.Tech,ECE,93.91,0,2,Java;AI;SQL,0
Student_560,B.Tech,IT,57.39,1,1,SQL;Cloud;ML,0
Student_561,M.Tech,ECE,77.67,1,0,Cloud;Data Science,0
Student_562,B.Tech,ME,85.7,4,1,C++;Web Dev,1
Student_563,B.Tech,IT,61.99,1,4,AutoCAD,1
Student_564,B.Tech,CE,74.57,2,3,AutoCAD,1
Student_565,B.Tech,CE,82.45,3,3,C++;Cloud,1
Student_566,M.Tech,CSE,67.65,3,3,C++;Web Dev;AI;ML,1
Student_567,M.Tech,ME,75.64,1,2,ML,1
Student_568,M.Tech,ME,76.48,4,1,Python;Web Dev;Data Science;AutoCAD,1
Student_569,M.Tech,IT,78.98,2,2,Data Science,1
Student_570,M.Tech,ECE,91.97,5,3,ML;Web Dev;SQL,0
Student_571,B.Tech,CE,84.58,0,3,ML;AI;Web Dev,0
Student_572,B.Tech,CSE,69.2,0,4,C++;AutoCAD;Python;ML,1
Student_573,B.Tech,EEE,53.16,3,4,SQL,1
Student_574,B.Tech,CSE,54.01,2,2,Java;SQL;C++,0
Student_575,B.Tech,ECE,61.49,4,3,Python;Data Science,1
Student_576,M.Tech,CE,57.6,0,0,Java,1
Student_577,M.Tech,ME,72.16,5,0,AI;SQL;Python,1
Student_578,B.Tech,IT,70.49,0,1,Python;C++;AutoCAD;ML,1
Student_579,M.Tech,EEE,65.88,3,3,C++;Java;Python,1
Student_580,M.Tech,CE,72.89,3,3,Data Science;C++,1
Student_581,B.Tech,CSE,57.51,4,3,Java,0
Student_582,M.Tech,CE,85.49,3,0,AutoCAD;C++;SQL,1
Student_583,B.Tech,ECE,91.43,5,1,Web Dev,1
Student_584,B.Tech,ME,65.49,3,4,AI,1
Student_585,M.Tech,EEE,92.88,4,4,Python;C++,1
Student_586,B.Tech,ECE,87.48,5,4,Cloud;Java,1
Student_587,B.Tech,CE,77.62,2,0,ML;AI;Data Science,1
Student_588,M.Tech,EEE,54.53,3,1,SQL;Web Dev;Data Science,0
Student_589,M.Tech,IT,63.28,3,3,Web Dev,1
Student_590,B.Tech,ME,80.26,0,1,AI;AutoCAD;Web Dev;SQL,1
Student_591,M.Tech,CSE,54.33,5,2,AutoCAD;Data Science;AI,0
Student_592,M.Tech,IT,56.71,1,3,AI;Web Dev,0
Student_593,M.Tech,EEE,58.34,3,1,Web Dev;Data Science;Java,1
Student_594,B.Tech,ECE,80.52,2,2,Java;Data Science,0
Student_595,B.Tech,IT,83.57,2,0,Java;Data Science;ML;C++,1
Student_596,B.Tech,CSE,55.48,0,0,C++;Java;Cloud;AI,1
Student_597,B.Tech,IT,57.11,0,0,AI;AutoCAD;Data Science;C++,0
Student_598,B.Tech,EEE,88.38,3,4,C++;AutoCAD;Cloud;Python,0
Student_599,M.Tech,CE,77.49,4,1,Python;Cloud;Java;ML,1
Student_600,B.Tech,ME,67.41,2,1,C++,1
Student_601,M.Tech,CSE,73.71,4,3,ML;Web Dev,0
Student_602,M.Tech,IT,58.79,2,3,Web Dev;Data Science,1
Student_603,B.Tech,EEE,65.98,0,3,Python;ML;Java;Data Science,1
Student_604,B.Tech,CE,50.85,2,1,C++;Web Dev;AutoCAD;Python,1
Student_605,B.Tech,ECE,82.22,3,2,ML,1
Student_606,B.Tech,CE,78.21,2,3,Data Science,1
Student_607,B.Tech,CE,80.79,0,1,Data Science;SQL,1
Student_608,M.Tech,ME,83.35,4,4,Web Dev;Cloud;C++,1
Student_609,B.Tech,ECE,59.6,2,1,Data Science;AI;SQL;Cloud,0
Student_610,B.Tech,CE,60.22,4,0,C++;Cloud;AutoCAD,0
Student_611,B.Tech,ECE,59.3,0,4,C++;AutoCAD;SQL,1
Student_612,M.Tech,EEE,70.83,1,4,C++;Java;Python,1
Student_613,M.Tech,ECE,58.79,3,4,ML,0
Student_614,B.Tech,CSE,53.88,0,1,AI;ML;SQL;Data Science,1
Student_615,M.Tech,EEE,78.41,0,3,C++,1
Student_616,M.Tech,ECE,74.86,2,1,AI;AutoCAD,0
Student_617,B.Tech,IT,90.34,0,2,Java,0
Student_618,M.Tech,ECE,79.97,4,0,Web Dev;C++;AI,0
Student_619,B.Tech,ME,76.86,3,4,Python;Data Science;Java;C++,0
Student_620,M.Tech,CSE,79.64,0,1,Java;Cloud;Web Dev;Data Science,0
Student_621,B.Tech,ECE,53.36,4,0,Web Dev;SQL;AutoCAD;Data Science,1
Student_622,B.Tech,EEE,72.11,5,0,AI;AutoCAD;Data Science,1
Student_623,M.Tech,IT,58.56,1,1,AI;AutoCAD;SQL;Data Science,0
Student_624,B.Tech,CE,85.3,1,0,Python;C++;Cloud,0
Student_625,B.Tech,IT,69.68,0,3,AutoCAD;ML,1
Student_626,M.Tech,CE,94.51,1,2,C++;Web Dev;Data Science;Python,0
Student_627,B.Tech,CE,53.63,2,3,Java;Cloud;SQL;ML,1
Student_628,M.Tech,IT,78.74,5,2,SQL;ML;Data Science;Java,0
Student_629,B.Tech,CSE,56.97,1,0,Web Dev;C++,1
Student_630,M.Tech,ME,56.52,2,3,AutoCAD;Data Science,1
Student_631,M.Tech,ME,94.6,1,3,ML;AI;Data Science,1
Student_632,B.Tech,CE,70.47,0,1,ML;Python,1
Student_633,B.Tech,CSE,56.48,2,4,Web Dev,1
Student_634,B.Tech,CSE,62.56,2,1,ML;Web Dev;Java,1
Student_635,B.Tech,IT,50.81,1,1,Cloud;Data Science,0
Student_636,B.Tech,ECE,75.32,0,4,Python;SQL,1
Student_637,M.Tech,IT,63.4,5,3,C++,0
Student_638,B.Tech,CE,75.73,1,4,AutoCAD,1
Student_639,M.Tech,IT,53.72,5,1,SQL,1
Student_640,M.Tech,EEE,82.09,4,0,Java;C++;SQL,0
Student_641,M.Tech,ME,59.12,0,0,Java;C++,0
Student_642,B.Tech,IT,67.95,3,1,Data Science;Web Dev;ML;SQL,0
Student_643,M.Tech,CE,92.89,2,1,AI,1
Student_644,M.Tech,EEE,78.37,3,2,Java;SQL;ML;AI,0
Student_645,M.Tech,ECE,91.97,1,3,Java;Cloud;Data Science;ML,0
Student_646,M.Tech,CSE,77.72,3,2,Data Science;ML,0
Student_647,B.Tech,CSE,51.81,1,4,Web Dev,1
Student_648,B.Tech,EEE,87.85,5,1,Java;Data Science;Cloud,1
Student_649,M.Tech,IT,69.83,4,4,Web Dev;SQL;ML;Python,1
Student_650,B.Tech,CSE,52.62,3,1,Python;Data Science;Cloud,1
Student_651,B.Tech,ME,51.4,4,0,Java;Data Science;Cloud;C++,1
Student_652,M.Tech,ME,57.01,2,4,AI;AutoCAD;Java,1
Student_653,M.Tech,ME,60.42,4,4,ML;Web Dev;AI;AutoCAD,0
Student_654,M.Tech,CE,55.34,1,0,AI;C++;AutoCAD,0
Student_655,M.Tech,ME,59.38,0,0,Python;ML;SQL;AutoCAD,1
Student_656,M.Tech,EEE,64.83,3,0,Cloud;C++;Python;AutoCAD,1
Student_657,M.Tech,EEE,92.1,2,0,AutoCAD,0
Student_658,M.Tech,CE,61.36,0,0,AI;C++;Web Dev;ML,1
Student_659,M.Tech,IT,55.35,4,4,Web Dev;Python;SQL;Cloud,1
Student_660,M.Tech,ME,61.41,2,4,Data Science,0
Student_661,M.Tech,CE,60.76,5,0,AutoCAD;C++;Cloud;Web Dev,1
Student_662,M.Tech,ECE,73.94,2,2,AI,0
Student_663,B.Tech,EEE,77.82,1,4,SQL;C++;Cloud,0
Student_664,B.Tech,ME,68.17,4,2,AutoCAD;Java,0
Student_665,M.Tech,EEE,61.73,5,3,AI,1
Student_666,B.Tech,ME,74.08,1,3,Data Science;Cloud;ML;SQL,1
Student_667,B.Tech,ME,66.38,0,1,Java;Web Dev,1
Student_668,B.Tech,EEE,82.79,3,0,Java;Data Science,0
Student_669,M.Tech,ME,57.76,2,4,Web Dev;AutoCAD,1
Student_670,M.Tech,CE,87.81,0,3,AI;Web Dev;Python,0
Student_671,M.Tech,ME,58.88,1,3,ML,1
Student_672,B.Tech,CSE,65.67,3,2,SQL,1
Student_673,B.Tech,EEE,52.84,4,1,Web Dev,1
Student_674,M.Tech,ECE,61.71,0,0,AI,1
Student_675,M.Tech,EEE,70.53,0,1,SQL;Data Science;Web Dev,0
Student_676,M.Tech,CSE,50.45,2,3,Cloud;Python;AutoCAD,1
Student_677,B.Tech,EEE,70.11,0,4,C++,1
Student_678,B.Tech,EEE,82.27,0,3,SQL;ML;Cloud;C++,1
Student_679,M.Tech,CE,78.68,4,4,C++,0
Student_680,B.Tech,CSE,84.35,4,2,Data Science;AI;AutoCAD,1
Student_681,B.Tech,ME,75.25,5,1,AutoCAD,1
Student_682,M.Tech,IT,92.99,1,0,C++;AutoCAD,0
Student_683,M.Tech,ECE,67.49,2,3,C++,1
Student_684,M.Tech,EEE,84.97,5,4,Web Dev;SQL;C++,0
Student_685,M.Tech,CSE,67.39,2,4,AutoCAD;AI;Java;Web Dev,0
Student_686,M.Tech,ME,84.39,4,2,Cloud;AI;SQL,0
Student_687,B.Tech,EEE,68.72,2,2,C++;Cloud,0
Student_688,M.Tech,ECE,60.16,5,4,Python;C++,1
Student_689,B.Tech,CE,80.68,0,0,Web Dev;Java;AutoCAD;Cloud,1
Student_690,M.Tech,CSE,60.1,2,4,Python,1
Student_691,M.Tech,ME,93.5,1,4,Web Dev;SQL;Java;AI,1
Student_692,B.Tech,ME,51.26,2,2,Python,1
Student_693,M.Tech,ME,91.06,0,2,C++;Web Dev,1
Student_694,B.Tech,ECE,92.21,0,1,Web Dev,1
Student_695,B.Tech,CE,70.65,1,2,Java;AI;Cloud,1
Student_696,B.Tech,CE,91.06,0,0,SQL,1
Student_697,M.Tech,ECE,53.55,2,0,SQL;ML,1
Student_698,B.Tech,IT,54.06,2,4,Java;AI;Data Science;Python,0
Student_699,B.Tech,IT,90.88,0,4,Web Dev;SQL,0
Student_700,B.Tech,IT,89.29,0,0,Data Science;Python,0
Student_701,M.Tech,IT,50.39,2,4,AutoCAD;ML;Cloud;Java,0
Student_702,B.Tech,CE,78.17,3,4,AutoCAD,1
Student_703,M.Tech,CE,73.5,4,0,AutoCAD,1
Student_704,M.Tech,ECE,66.43,2,1,ML;Python;Cloud;AutoCAD,1
Student_705,B.Tech,ME,62.91,4,1,Java;Web Dev;AI,1
Student_706,M.Tech,IT,52.16,0,3,AI,0
Student_707,M.Tech,IT,69.93,5,4,Cloud;SQL;Python,1
Student_708,M.Tech,ECE,55.77,0,3,Python;Cloud;Data Science;AutoCAD,0
Student_709,B.Tech,ME,87.59,5,3,C++,1
Student_710,M.Tech,CSE,59.75,1,4,Python;AI;SQL,1
Student_711,B.Tech,ECE,60.3,5,1,Web Dev;Cloud,0
Student_712,M.Tech,ME,88.94,3,2,Data Science;ML;AI,1
Student_713,M.Tech,ME,86.97,5,1,SQL,0
Student_714,B.Tech,IT,84.18,5,0,ML,1
Student_715,M.Tech,ME,53.01,4,1,Python;SQL,1
Student_716,M.Tech,EEE,69.22,1,1,Data Science;SQL;AI,1
Student_717,B.Tech,ME,76.36,5,2,Cloud;ML;AI;C++,0
Student_718,B.Tech,ECE,50.49,0,2,ML;SQL,1
Student_719,B.Tech,IT,68.93,4,1,AI;Cloud;Java,1
Student_720,B.Tech,IT,68.14,0,3,AI;Web Dev,1
Student_721,M.Tech,ME,93.09,1,1,Python,1
Student_722,M.Tech,EEE,90.34,3,4,AutoCAD;AI;Python,0
Student_723,B.Tech,ME,84.08,1,2,Web Dev;ML;C++,1
Student_724,B.Tech,ECE,51.44,0,1,AI,1
Student_725,B.Tech,IT,55.53,0,2,AI,1
Student_726,M.Tech,ECE,51.25,5,4,Java;ML;Data Science,1
Student_727,M.Tech,ME,81.98,5,3,C++,0
Student_728,M.Tech,IT,63.22,0,4,C++;Python,0
Student_729,B.Tech,CSE,92.9,4,2,Web Dev;Python;ML;Cloud,0
Student_730,M.Tech,EEE,78.14,1,1,SQL;Java;Web Dev,1
Student_731,M.Tech,IT,62.64,4,1,Cloud;C++;AI;SQL,0
Student_732,M.Tech,IT,56.81,4,0,Python;AI,0
Student_733,M.Tech,EEE,88.98,1,2,AutoCAD;Python,1
Student_734,M.Tech,CSE,78.62,3,2,Web Dev,0
Student_735,M.Tech,IT,88.44,2,0,ML;Data Science;AutoCAD,0
Student_736,M.Tech,ME,85.59,0,2,Python;Cloud;Data Science,1
Student_737,B.Tech,CSE,80.46,3,3,Cloud;SQL;AutoCAD,1
Student_738,B.Tech,ECE,88.14,0,1,Java,0
Student_739,M.Tech,ME,69.19,5,2,Web Dev,1
Student_740,B.Tech,EEE,61.42,3,1,ML;C++;AutoCAD;Java,0
Student_741,B.Tech,ME,65.78,2,2,C++;ML,0
Student_742,M.Tech,EEE,83.41,5,3,Java,1
Student_743,M.Tech,IT,65.03,1,0,ML;Web Dev;Cloud,0
Student_744,B.Tech,ME,93.2,0,0,Java;Cloud;AutoCAD;Python,1
Student_745,M.Tech,CSE,91.89,1,4,Data Science;AutoCAD,1
Student_746,M.Tech,CE,60.59,3,0,Cloud;Data Science;ML;AutoCAD,0
Student_747,B.Tech,ECE,88.21,0,4,AI;Java,0
Student_748,M.Tech,CE,68.58,0,3,C++;Cloud;Python,1
Student_749,M.Tech,ME,58.77,5,3,Data Science;ML,0
Student_750,M.Tech,ECE,90.29,3,4,AutoCAD,1
Student_751,M.Tech,CSE,80.63,1,0,Web Dev,0
Student_752,B.Tech,ECE,52.06,5,2,Data Science,0
Student_753,B.Tech,CSE,64.36,1,2,Cloud;C++,0
Student_754,B.Tech,ECE,75.85,4,3,Web Dev,1
Student_755,M.Tech,EEE,94.88,3,1,Java,1
Student_756,M.Tech,CSE,72.22,4,1,Java;SQL;ML,1
Student_757,B.Tech,CE,73.0,5,4,C++;AutoCAD;Web Dev;Python,1
Student_758,M.Tech,CSE,63.64,2,3,Web Dev;Java;C++;AutoCAD,1
Student_759,M.Tech,ECE,81.84,3,2,Java;AI,1
Student_760,M.Tech,ECE,55.08,2,4,Python;AutoCAD;AI;Web Dev,0
Student_761,B.Tech,ME,64.72,5,4,SQL,1
Student_762,M.Tech,ME,69.66,5,0,Web Dev;Data Science;C++,1
Student_763,B.Tech,IT,79.44,0,3,AutoCAD;Web Dev,1
Student_764,B.Tech,CSE,81.48,0,0,SQL,0
Student_765,M.Tech,CSE,90.33,4,1,Cloud;Data Science,1
Student_766,B.Tech,CSE,92.56,4,3,Web Dev;AI;Data Science;ML,0
Student_767,B.Tech,IT,71.5,4,3,ML;Java;Cloud,0
Student_768,B.Tech,CSE,92.36,0,2,Data Science,1
Student_769,M.Tech,CE,66.79,0,1,Python;AI,1
Student_770,B.Tech,CSE,94.43,1,1,AutoCAD;SQL,1
Student_771,M.Tech,EEE,53.89,1,2,Data Science,0
Student_772,B.Tech,ME,51.13,0,1,Java,0
Student_773,M.Tech,CE,91.01,0,0,Data Science;C++;Java,1
Student_774,B.Tech,IT,70.53,3,0,Web Dev;AI;AutoCAD,0
Student_775,M.Tech,CSE,87.43,0,0,Java;Python,1
Student_776,B.Tech,CSE,88.54,5,0,C++;SQL,0
Student_777,B.Tech,IT,55.0,5,3,ML,1
Student_778,B.Tech,IT,58.41,4,4,AutoCAD;AI;Cloud,0
Student_779,B.Tech,CE,85.72,4,2,Web Dev,0
Student_780,B.Tech,ECE,83.42,2,0,Python,1
Student_781,B.Tech,ECE,75.84,0,4,Cloud;Java;Data Science,0
Student_782,M.Tech,CE,52.44,5,4,Data Science;Python;AutoCAD,0
Student_783,M.Tech,EEE,50.53,4,3,SQL;ML,1
Student_784,M.Tech,EEE,66.4,5,3,Web Dev;ML,1
Student_785,B.Tech,EEE,77.12,4,0,ML,0
Student_786,M.Tech,CSE,55.53,5,1,Web Dev;SQL,1
Student_787,B.Tech,ECE,59.18,2,4,Data Science,0
Student_788,B.Tech,CE,83.72,2,1,C++,1
Student_789,B.Tech,ECE,55.7,2,3,AutoCAD;SQL;Data Science,0
Student_790,B.Tech,IT,56.53,4,1,Python,1
Student_791,M.Tech,ME,78.97,4,1,Web Dev,1
Student_792,M.Tech,IT,63.22,0,0,ML;Web Dev;AutoCAD;SQL,0
Student_793,B.Tech,CSE,50.33,4,2,Cloud,0
Student_794,M.Tech,ME,91.48,5,3,Data Science;SQL,1
Student_795,B.Tech,CSE,52.23,1,3,AI;Java,1
Student_796,B.Tech,CSE,66.03,1,1,Web Dev;Python,1
Student_797,B.Tech,EEE,76.04,4,1,AutoCAD;Java;Data Science,1
Student_798,M.Tech,ECE,89.06,3,2,Python,0
Student_799,B.Tech,CE,66.86,2,1,AI;AutoCAD;Java;Python,1
Student_800,M.Tech,ECE,90.89,4,0,AutoCAD;C++,1
Student_801,B.Tech,EEE,91.04,3,0,SQL;Cloud,0
Student_802,M.Tech,ECE,53.99,2,1,ML;C++;Data Science;Java,0
Student_803,M.Tech,EEE,74.27,4,2,SQL;Data Science;AI,0
Student_804,B.Tech,CE,58.71,4,1,Cloud;Java;Data Science;ML,1
Student_805,M.Tech,CSE,60.25,2,1,Data Science;Cloud,1
Student_806,B.Tech,CSE,66.22,2,4,AI;Web Dev,1
Student_807,B.Tech,CE,67.75,1,3,Python;ML;Web Dev,1
Student_808,B.Tech,EEE,67.76,4,4,Web Dev;Python;ML;Java,0
Student_809,M.Tech,EEE,66.01,3,4,Java;Web Dev;AutoCAD;Cloud,1
Student_810,M.Tech,IT,65.41,2,1,Data Science;Cloud;AutoCAD,1
Student_811,B.Tech,IT,72.61,5,1,SQL;AI;Java,0
Student_812,M.Tech,ME,77.68,5,1,SQL;ML;C++;AutoCAD,1
Student_813,B.Tech,ME,52.14,2,3,Cloud,1
Student_814,M.Tech,IT,86.58,2,0,Cloud;Data Science,1
Student_815,M.Tech,ME,65.24,1,2,Data Science,0
Student_816,B.Tech,IT,77.47,3,0,Web Dev;AI,1
Student_817,B.Tech,ECE,73.44,2,3,SQL;ML;Python,0
Student_818,M.Tech,CE,54.95,3,3,SQL;Java,1
Student_819,B.Tech,ME,60.25,4,2,Java;AI;Data Science,1
Student_820,B.Tech,ME,64.1,3,3,C++;Data Science,0
Student_821,M.Tech,IT,56.57,0,1,Python;C++;Data Science;SQL,1
Student_822,M.Tech,ME,63.15,3,1,AutoCAD,1
Student_823,M.Tech,IT,60.9,1,0,AutoCAD,1
Student_824,M.Tech,ME,78.21,3,3,C++,1
Student_825,B.Tech,CE,82.5,4,2,C++,0
Student_826,B.Tech,ME,70.83,1,3,AI;ML,0
Student_827,B.Tech,ECE,64.85,1,0,Web Dev,1
Student_828,M.Tech,CSE,81.25,0,4,C++;Data Science;ML,1
Student_829,B.Tech,ECE,59.51,2,0,AutoCAD;SQL;AI;Web Dev,0
Student_830,B.Tech,CSE,76.13,0,1,AutoCAD;ML;Web Dev,0
Student_831,B.Tech,ECE,51.44,2,3,ML,1
Student_832,B.Tech,ME,66.45,3,1,Cloud,1
Student_833,M.Tech,IT,59.3,2,4,ML;Python;Cloud;C++,1
Student_834,B.Tech,CE,51.55,5,1,SQL;AI;Data Science,1
Student_835,M.Tech,IT,75.66,3,3,Web Dev,1
Student_836,B.Tech,CSE,78.45,2,1,AI;C++,0
Student_837,M.Tech,ECE,92.54,4,2,Cloud;AI;C++,1
Student_838,M.Tech,EEE,54.23,3,2,Java;Cloud;AutoCAD;AI,0
Student_839,B.Tech,EEE,50.83,3,3,Java,0
Student_840,M.Tech,CE,65.38,4,2,ML;Data Science,1
Student_841,B.Tech,CSE,82.78,0,2,C++;ML,1
Student_842,B.Tech,EEE,85.39,4,3,AI;AutoCAD,1
Student_843,B.Tech,ECE,78.58,5,1,AutoCAD;Cloud,0
Student_844,B.Tech,CE,90.69,2,0,Python;AI;C++;Data Science,1
Student_845,B.Tech,ME,50.41,1,1,SQL,1
Student_846,B.Tech,CSE,82.48,0,2,Python;ML;Web Dev;C++,1
Student_847,B.Tech,ECE,74.65,2,1,C++;SQL,0
Student_848,B.Tech,CE,78.53,5,4,Web Dev;ML;Cloud;Java,1
Student_849,B.Tech,ME,88.19,0,0,Data Science;AI,1
Student_850,B.Tech,EEE,53.38,2,0,AutoCAD,0
Student_851,B.Tech,EEE,81.85,3,4,Data Science;Java;ML,1
Student_852,B.Tech,IT,59.58,5,4,AI;Java;SQL,1
Student_853,M.Tech,ECE,92.04,0,2,SQL;Cloud;AI,0
Student_854,M.Tech,IT,62.02,4,1,Python;Cloud;Data Science,0
Student_855,M.Tech,CE,76.26,0,3,Java;AutoCAD;ML;Cloud,0
Student_856,B.Tech,ME,60.5,5,1,Python;C++;Web Dev,1
Student_857,B.Tech,ECE,66.8,0,0,AutoCAD,1
Student_858,B.Tech,ECE,85.01,0,4,Python;Data Science;AutoCAD;Java,1
Student_859,B.Tech,IT,79.06,3,3,C++;ML;Java,1
Student_860,M.Tech,ECE,65.44,5,2,AutoCAD;Data Science;Web Dev;SQL,0
Student_861,M.Tech,ECE,94.32,5,1,Java;SQL;Cloud;AutoCAD,0
Student_862,M.Tech,IT,92.82,1,3,ML;AutoCAD;Data Science,0
Student_863,M.Tech,CSE,72.23,5,2,Web Dev;SQL;C++,1
Student_864,M.Tech,EEE,52.69,3,1,SQL,1
Student_865,B.Tech,ME,61.36,2,4,Data Science;ML,1
Student_866,M.Tech,ME,56.43,4,2,Java;ML;AutoCAD,1
Student_867,M.Tech,ECE,77.43,2,4,SQL;AI;AutoCAD,1
Student_868,B.Tech,EEE,61.22,0,3,AutoCAD,0
Student_869,B.Tech,ME,79.99,0,1,AutoCAD;Web Dev;Data Science;Python,0
Student_870,B.Tech,CE,84.37,5,2,AutoCAD;C++,1
Student_871,B.Tech,CSE,55.47,3,2,Cloud;AI;Java,0
Student_872,B.Tech,ME,76.87,1,4,Web Dev;C++;Data Science;AutoCAD,0
Student_873,B.Tech,IT,66.2,2,3,SQL,1
Student_874,B.Tech,CE,85.14,4,0,Java;Python;SQL;AI,0
Student_875,M.Tech,CSE,75.6,5,1,AutoCAD;ML,1
Student_876,M.Tech,IT,85.42,3,3,SQL;Python;Java;Data Science,0
Student_877,B.Tech,CE,91.05,4,1,AI,0
Student_878,B.Tech,EEE,55.8,0,0,ML,1
Student_879,B.Tech,ME,63.37,0,2,Java;AI;Web Dev;ML,1
Student_880,M.Tech,CE,90.2,2,2,Python;Data Science;AutoCAD;Java,1
Student_881,M.Tech,ME,77.61,0,3,Java;AutoCAD;Cloud;Data Science,0
Student_882,B.Tech,ME,67.21,1,1,AI,1
Student_883,M.Tech,EEE,59.23,1,2,ML,0
Student_884,M.Tech,ECE,52.69,5,2,AI,1
Student_885,B.Tech,EEE,92.39,2,4,ML,0
Student_886,M.Tech,ME,62.87,1,0,C++;ML,0
Student_887,M.Tech,CE,91.1,4,1,C++;ML;Data Science;Cloud,1
Student_888,M.Tech,ECE,81.8,2,0,SQL;Cloud;AutoCAD;C++,1
Student_889,B.Tech,CE,65.35,0,3,Data Science;ML;Python,1
Student_890,M.Tech,CSE,79.73,3,1,SQL,1
Student_891,M.Tech,ME,54.35,3,4,C++;Web Dev,1
Student_892,M.Tech,EEE,53.1,3,3,ML,1
Student_893,B.Tech,CSE,93.06,1,4,ML;SQL;Cloud;Data Science,1
Student_894,M.Tech,ECE,86.92,0,4,Cloud;AutoCAD;Java;Data Science,1
Student_895,B.Tech,EEE,57.91,1,4,Python,1
Student_896,B.Tech,IT,68.19,1,4,SQL,1
Student_897,B.Tech,ME,73.58,2,0,AI,1
Student_898,B.Tech,IT,84.03,1,1,SQL,0
Student_899,B.Tech,EEE,53.79,5,0,Web Dev,1
Student_900,M.Tech,ECE,70.55,5,3,Web Dev,1
Student_901,B.Tech,EEE,61.08,3,4,AutoCAD;Cloud;C++;Python,1
Student_902,B.Tech,ECE,69.02,3,2,AutoCAD;ML;Data Science,1
Student_903,B.Tech,IT,56.98,5,4,AI;AutoCAD;Java;Data Science,0
Student_904,M.Tech,EEE,64.57,2,1,ML,0
Student_905,M.Tech,IT,64.98,2,3,Data Science;Python;Cloud;ML,1
Student_906,M.Tech,CSE,60.28,4,1,AutoCAD;ML;C++;Data Science,0
Student_907,B.Tech,CSE,68.62,4,3,AI;Java,1
Student_908,M.Tech,IT,54.34,4,4,AI;C++,0
Student_909,M.Tech,EEE,82.96,3,0,Python;ML;Cloud,0
Student_910,B.Tech,CSE,56.02,5,2,AutoCAD;Java,1
Student_911,B.Tech,ME,80.93,1,2,Data Science;Cloud;Web Dev,1
Student_912,B.Tech,IT,50.72,1,0,AutoCAD,0
Student_913,B.Tech,ECE,84.53,2,3,Cloud;AutoCAD;AI;Web Dev,0
Student_914,M.Tech,CSE,67.47,2,2,Web Dev;ML;Cloud;SQL,1
Student_915,M.Tech,CSE,92.43,2,3,AI;Python,0
Student_916,M.Tech,ECE,76.13,1,3,Cloud;AutoCAD;ML,1
Student_917,M.Tech,CSE,66.04,3,4,SQL;C++;AutoCAD;Python,0
Student_918,B.Tech,EEE,80.68,3,4,Web Dev;Cloud,1
Student_919,B.Tech,EEE,93.61,3,1,AI,0
Student_920,B.Tech,EEE,93.43,0,4,C++,1
Student_921,B.Tech,EEE,66.61,1,2,ML;C++,1
Student_922,B.Tech,ME,50.04,0,4,SQL;Cloud;Java,0
Student_923,B.Tech,CE,58.39,5,1,Java;Web Dev;ML;Python,1
Student_924,M.Tech,CE,90.09,1,3,AI;Cloud,0
Student_925,B.Tech,ME,57.15,3,1,C++;Web Dev,1
Student_926,M.Tech,CSE,92.49,0,3,Java,1
Student_927,M.Tech,ECE,87.22,4,1,AI;AutoCAD;Data Science;C++,1
Student_928,M.Tech,EEE,90.49,1,3,Cloud;SQL;AI;Web Dev,1
Student_929,M.Tech,ECE,75.28,0,2,SQL;Web Dev,1
Student_930,M.Tech,IT,80.72,1,0,SQL;Cloud;AutoCAD,0
Student_931,M.Tech,CSE,82.12,5,0,Python;Web Dev,1
Student_932,B.Tech,IT,55.17,1,4,Python;AI,1
Student_933,M.Tech,IT,67.94,3,4,AutoCAD;AI;Java,1
Student_934,M.Tech,EEE,71.76,2,1,Web Dev;AI;ML,1
Student_935,B.Tech,EEE,51.86,4,0,AutoCAD,1
Student_936,B.Tech,CE,77.33,3,0,C++;AutoCAD;Web Dev,1
Student_937,M.Tech,EEE,67.67,1,4,Data Science,0
Student_938,B.Tech,ECE,50.5,4,3,Python;C++;ML;AI,1
Student_939,B.Tech,CE,82.24,5,0,Java;Python;Cloud;C++,1
Student_940,M.Tech,EEE,85.59,4,1,Cloud;Python;AutoCAD,1
Student_941,M.Tech,IT,56.3,4,2,Python;Cloud,0
Student_942,B.Tech,CSE,81.48,0,4,Cloud;ML,0
Student_943,B.Tech,EEE,78.3,0,4,Python,1
Student_944,M.Tech,IT,85.74,0,3,AI;C++,1
Student_945,B.Tech,CE,66.98,3,2,C++;AI,1
Student_946,M.Tech,CSE,64.01,1,3,Data Science;Cloud;Java,1
Student_947,M.Tech,EEE,77.85,5,0,AutoCAD;Python;Java;SQL,1
Student_948,M.Tech,CE,65.31,0,3,Web Dev;AutoCAD;Data Science,1
Student_949,M.Tech,EEE,84.72,2,3,Web Dev;ML,1
Student_950,M.Tech,IT,81.6,4,4,Cloud;Java;C++;AI,0
Student_951,B.Tech,CSE,76.87,5,1,AI,0
Student_952,M.Tech,IT,61.15,5,1,Python;ML,1
Student_953,M.Tech,EEE,71.82,5,0,AI;ML,0
Student_954,M.Tech,ME,70.3,1,4,Data Science,1
Student_955,B.Tech,EEE,64.6,3,4,Java,1
Student_956,M.Tech,ECE,71.54,5,4,ML;Cloud;C++,1
Student_957,M.Tech,CSE,77.06,2,0,SQL,0
Student_958,M.Tech,IT,57.84,0,2,C++,0
Student_959,B.Tech,CSE,94.13,4,4,SQL;AI;ML,1
Student_960,B.Tech,ECE,91.16,4,2,C++;Cloud;SQL,0
Student_961,M.Tech,EEE,60.36,3,3,SQL;Data Science,0
Student_962,B.Tech,CSE,63.83,4,4,Java;SQL,0
Student_963,M.Tech,ME,60.7,1,4,Cloud;AI,0
Student_964,M.Tech,CSE,86.88,0,3,Java;Data Science,0
Student_965,B.Tech,ECE,59.05,3,3,AutoCAD;Python;Data Science,1
Student_966,M.Tech,CE,85.04,0,1,ML;Cloud,1
Student_967,B.Tech,CSE,53.25,3,3,Data Science,1
Student_968,M.Tech,IT,78.35,3,4,Cloud,0
Student_969,B.Tech,ME,91.35,5,3,C++;ML;Web Dev;Python,1
Student_970,B.Tech,IT,64.03,1,0,Cloud,1
Student_971,B.Tech,CSE,71.2,4,3,AutoCAD;AI,1
Student_972,M.Tech,ECE,81.14,3,2,Web Dev;Python;Cloud;C++,1
Student_973,M.Tech,CSE,58.0,2,3,Java,0
Student_974,B.Tech,IT,89.1,5,0,Cloud,0
Student_975,B.Tech,CSE,92.19,5,3,SQL;ML;C++,0
Student_976,M.Tech,CSE,70.91,0,0,AutoCAD;AI,0
Student_977,M.Tech,IT,94.79,2,4,ML,1
Student_978,B.Tech,ME,60.45,2,1,C++;AutoCAD;Data Science;Java,0
Student_979,B.Tech,CE,51.33,2,3,AI;SQL;Java,0
Student_980,M.Tech,ME,61.39,2,1,Cloud,0
Student_981,M.Tech,IT,65.02,0,1,Cloud;Data Science;SQL,1
Student_982,M.Tech,CE,81.44,1,3,C++;Web Dev;AutoCAD,1
Student_983,B.Tech,CE,51.29,3,4,Cloud;C++;ML;SQL,0
Student_984,B.Tech,IT,56.17,1,2,SQL;Cloud,1
Student_985,M.Tech,CSE,85.84,4,2,AutoCAD,0
Student_986,M.Tech,CE,93.62,0,3,SQL;Java;Python;Data Science,1
Student_987,M.Tech,EEE,82.78,4,1,Web Dev;AI;Data Science,1
Student_988,M.Tech,EEE,76.11,0,4,SQL;Java;C++,1
Student_989,B.Tech,CSE,66.03,3,0,C++;Java;Python,1
Student_990,B.Tech,EEE,74.96,2,4,AI;Data Science;ML,1
Student_991,B.Tech,CSE,75.45,5,2,AI;Python;Data Science;AutoCAD,1
Student_992,M.Tech,CE,73.53,0,1,Java,1
Student_993,B.Tech,ME,89.6,2,4,Data Science;C++;AutoCAD,0
Student_994,B.Tech,IT,94.95,0,0,ML;Java;AI;Web Dev,0
Student_995,B.Tech,CSE,63.71,4,4,Cloud;Python;SQL;AI,0
Student_996,B.Tech,ME,74.56,3,3,Python,1
Student_997,M.Tech,CE,77.47,4,2,Cloud;AutoCAD,0
Student_998,B.Tech,ME,61.42,4,4,AutoCAD;Data Science;SQL;Python,1
Student_999,M.Tech,ME,71.54,4,0,AutoCAD,1
Student_1000,B.Tech,CE,65.98,3,2,SQL;C++;AI,0
